{"cameraMode":{"drawMode":0,"name":"Shaded","section":"Shading Mode"},"sceneLighting":true,"audioPlay":false,"sceneViewState":{"m_AlwaysRefresh":false,"showFog":true,"showSkybox":true,"showFlares":true,"showImageEffects":true,"showParticleSystems":true,"showVisualEffectGraphs":true,"m_FxEnabled":true},"in2DMode":false,"pivot":{"x":-3.8434314727783205,"y":-0.004500150680541992,"z":0.8968310356140137},"rotation":{"x":0.21309520304203034,"y":-0.5524157285690308,"z":0.14861337840557099,"w":0.7920610904693604},"size":7.401858329772949,"orthographic":false}